brand,item,size,color,condition,full_price
Oscar de la Renta,Dress,Medium,Black,Good,119.99
Oscar de la Renta,Dress,XS,Black,Poor,98.0
Oscar de la Renta,Coat,36,Gray,New,1199.0
Oscar de la Renta,Dress,6,red,Like New,169.99
Oscar de la Renta,Handbag,Large,Red,Fair,179.9
Oscar de la Renta,Dress,XS,Silver,Good,229.0
Oscar de la Renta,Dress,,Black,New,199.0
Oscar de la Renta,Dress,1,Grey,Like New,463.0
Oscar de la Renta,Dress,10,Grey,Good,59.9
Oscar de la Renta,Dress,Medium,Black,Like New,106.0
Oscar de la Renta,Dress,1,Green,,349.0
Oscar de la Renta,Dress,XS,Black,Good,100.0
Oscar de la Renta,Dress,L,Black,Good,101.02
Oscar de la Renta,Dress,One Size,Beige,Good,360.0
Oscar de la Renta,Dress,2,Black,New,69.9
Oscar de la Renta,Dress,M,,New,298.0
Oscar de la Renta,Dress,36,Black,Good,24.8
Oscar de la Renta,Dress,,Black,Good,
Oscar de la Renta,Dress,Small,Green,Good,79.0
Oscar de la Renta,Skirt,US 10,Black,Good,130.0
Oscar de la Renta,Dress,10,,Good,160.0
Oscar de la Renta,Dress,XS,Black,Fair,178.0
Oscar de la Renta,Dress,M,Multicolor,Like New,236.54
Oscar de la Renta,Suit,36,tan,New,698.0
Oscar de la Renta,Dress,XS,Black,Poor,164.99
Oscar de la Renta,Dress,6,Navy,Like New,9.95
Oscar de la Renta,Dress,US8,Blue,Fair,104.0
Oscar de la Renta,Dress,4,Black,,119.0
Oscar de la Renta,Dress,M,Blue,,14.0
Oscar de la Renta,Dress,4,Pink,New,105.0
Oscar de la Renta,Women's Clothing,XS,Black & White,Fair,15.95
Oscar de la Renta,Dress,38,Blue,Good,249.0
Oscar de la Renta,Skirt,M,Black,Good,325.0
Oscar de la Renta,dress,6,black,Fair,49.99
Oscar de la Renta,Dress,,Multi-color,Like New,169.99
Oscar de la Renta,Dress,,White,Like New,54.93
Oscar de la Renta,Gown,S,Blue,Like New,139.0
Oscar de la Renta,Blazer,Small,,Like New,145.0
Oscar de la Renta,Trousers,36,Black,Like New,49.99
Oscar de la Renta,Dress,L,Pink,Good,119.99
Oscar de la Renta,Dress,XS,Rose Gold,Like New,
Oscar de la Renta,Shirt,,Blue,New,87.9
Oscar de la Renta,Tops & Tees,Large,White,Good,119.99
Oscar de la Renta,Dress,XL,Black,Good,200.0
Oscar de la Renta,Dress,XS,Multicolored,Good,599.0
Oscar de la Renta,Dress,One Size,Multi-Color,Good,72.5
Oscar de la Renta,Shoes,10,nude,Like New,596.0
Oscar de la Renta,Blouse,XS,Blue,Like New,
Oscar de la Renta,Dress,XS,Black,,360.0
Oscar de la Renta,Dress,,Cream,Good,15.99
Oscar de la Renta,Dress,2,white,Good,37.19
Oscar de la Renta,Dress,10,Green,,71.0
Oscar de la Renta,Dress,6,black,Fair,16.0
Oscar de la Renta,Top-wear,Small,Blue,Poor,157.0
Oscar de la Renta,Dress,Size 10,Navy,Poor,16.5
Oscar de la Renta,Waistcoat,2,Black,Good,52.01
Oscar de la Renta,Blouse,One Size,Multi,New,128.0
Oscar de la Renta,Dress,US 10,Black,New,590.0
Oscar de la Renta,dress,1,Blue,,35.0
Oscar de la Renta,Dress,3,Black,Good,119.0
Oscar de la Renta,Trousers,8,Black,Good,79.0
Oscar de la Renta,Dress,US 16,Black,,220.0
Oscar de la Renta,Dress,M,Red,Like New,310.0
Oscar de la Renta,Dress,8,Light Rose,Good,
Oscar de la Renta,Dresses,M,Beige,Fair,185.99
Oscar de la Renta,Blazer,,,Like New,151.0
Oscar de la Renta,Knit,Large,blue,Like New,
Oscar de la Renta,Dress,L,,Good,299.0
Oscar de la Renta,Dress,4,,Poor,99.67
Oscar de la Renta,Dress,UK 12/US 8,Multi,Fair,33.4
Oscar de la Renta,Dress,L,Black,Like New,120.0
Oscar de la Renta,Dress,34,,Like New,330.1
Oscar de la Renta,Dress,Medium,White,Like New,
Oscar de la Renta,Jacket,40,White,Good,135.0
Oscar de la Renta,Jacket,4,Red,Like New,264.0
Oscar de la Renta,Top,S,Black,Good,112.0
Oscar de la Renta,top,XS,Navy,New,
Oscar de la Renta,Shirt,S,Red,Fair,200.0
Oscar de la Renta,Dress,,Black,Good,125.0
Oscar de la Renta,Dress,Small,Beige,Like New,220.0
Oscar de la Renta,Coats and jackets,XS,Black,Good,179.0
Oscar de la Renta,Dress,Large,Multi-color,,795.0
Oscar de la Renta,Tops,XS,Burgundy,Like New,182.9
Oscar de la Renta,Dress,M,Pink,,138.95
Oscar de la Renta,Women's Clothing,UK 8,Blue,Like New,129.0
Oscar de la Renta,Skirts,1,Taupe,,69.99
Oscar de la Renta,Dress,M,Green,Poor,499.0
Oscar de la Renta,Dress,Small,black,,24.99
Oscar de la Renta,Dress,Small,Multi-Color,New,
Oscar de la Renta,Dress,48,Black,Good,
Oscar de la Renta,Dress,,Black,New,198.0
Oscar de la Renta,Dress,EU 40,Beige,Good,294.0
Oscar de la Renta,Top/Knitwear,Size M/L,Black,Poor,
Oscar de la Renta,Dress,US 2,Cream,Good,115.0
Oscar de la Renta,Shirt,,Pink,New,159.99
Oscar de la Renta,Dress,Small,Jade,Like New,349.0
Oscar de la Renta,Dress,6,Black,New,105.0
Oscar de la Renta,Dress,8,Red,Like New,1204.0
Oscar de la Renta,dress,10,Multi/tone,New,224.0
Oscar de la Renta,Dress,Small,,,169.0
Oscar de la Renta,Dress,Small,Tan,Like New,345.0
Oscar de la Renta,Dress,,,Like New,116.0
Oscar de la Renta,Jumpsuit,XS,Beige,Good,119.0
Oscar de la Renta,Shirt,38R,Blue,,257.0
Oscar de la Renta,Skirt,,Orange,Good,62.98
Oscar de la Renta,Dress,8,Pink,Poor,50.0
Oscar de la Renta,Shirt,10,Multicolor,Poor,52.96
Oscar de la Renta,Dress,XS,Black,Like New,185.96
Oscar de la Renta,Dress,,Blue,Good,135.0
Oscar de la Renta,dress,10,Blue,New,90.0
Oscar de la Renta,Dress,Medium,Black,Like New,
Oscar de la Renta,Dress,XS,Pink,New,550.0
Oscar de la Renta,Blouse,XS,Blue,Poor,15.0
Oscar de la Renta,Shirt,S,Black,Good,89.0
Oscar de la Renta,Dress,0,Black,Like New,98.97
Oscar de la Renta,dress,30,Dark pink,Good,
Oscar de la Renta,Blazer,XLarge,Black,Good,199.0
Oscar de la Renta,pants,32,Black,Like New,34.0
Oscar de la Renta,Coat,Small,Navy,Fair,103.0
Oscar de la Renta,Dress,,Black,Good,142.0
Oscar de la Renta,Top,Small,White,New,19.99
Oscar de la Renta,Menswear,38,Black,,25.0
Oscar de la Renta,SKIRT,Regular,Black,Good,190.84
Oscar de la Renta,Dress,34,Emerald,New,29.0
Oscar de la Renta,Jacket,XS,Brown,Poor,46.99
Oscar de la Renta,Skirt,M,Yellow,New,326.0
Oscar de la Renta,Blouse,1X,Navy blue,Fair,84.99
Oscar de la Renta,Dress,1,Blue,Like New,1.85
Oscar de la Renta,Dress,XL,Red,,342.0
Oscar de la Renta,Dress,Small,Pink & Black,New,219.99
Oscar de la Renta,Shoe,40,Black,Like New,109.0
Oscar de la Renta,Dress,M,Blue,Good,139.0
Oscar de la Renta,Dress,S,Grey,Good,113.0
Oscar de la Renta,Dress,,black,Poor,
Oscar de la Renta,Dress,8,Black,Like New,169.0
Oscar de la Renta,Blouse,XL,Black,Good,169.0
Oscar de la Renta,Dress,4,Green,Good,64.99
Oscar de la Renta,Dress,Large,,Fair,120.0
Oscar de la Renta,dress,XS,Black-red,Poor,
Oscar de la Renta,Dress,40R,Black,Like New,2.08
Oscar de la Renta,Trousers,36,Blue,Like New,148.0
Oscar de la Renta,Dress,Medium,Orange,Poor,160.0
Oscar de la Renta,Women's Dress,,Fil Rouge,Good,22.4
Oscar de la Renta,Dresses,S,,Good,298.0
Oscar de la Renta,Top,XS,Black,New,10.6
Oscar de la Renta,dress,9,black,Fair,2.9
Oscar de la Renta,Dress,10,,Like New,75.0
Oscar de la Renta,Skirt suit,XS,off-white,Like New,
Oscar de la Renta,Shirt,,green,Good,38.98
Oscar de la Renta,Shirt,XS,Cream,Good,117.0
Oscar de la Renta,Blazer,Small,Black,Good,150.0
Oscar de la Renta,Dress,Medium,Black,Good,66.0
Oscar de la Renta,Dress,39,Pink,Fair,
Oscar de la Renta,Dress,Medium,Navy,Like New,
Oscar de la Renta,Dress,,Black,Good,
Oscar de la Renta,Dress,12,Grey,,407.0
Oscar de la Renta,Shirt,1X,Black,Like New,270.0
Oscar de la Renta,Skirts,UK 16,Midnight Blue,,129.45
Oscar de la Renta,Dress,4,,Fair,24.99
Oscar de la Renta,Dress,XS,White,New,75.0
Oscar de la Renta,Dress,M,Beige,New,249.99
Oscar de la Renta,Dress,2,Midnight Blue,Good,64.45
Oscar de la Renta,Dress,XS,Black,Like New,56.0
Oscar de la Renta,Shirt,XL,White,Like New,
Oscar de la Renta,Blazer,10,,Poor,190.0
Oscar de la Renta,Dress,Small,Brown,Like New,49.99
Oscar de la Renta,Shirt,Large,Old Navy Black,Good,49.95
Oscar de la Renta,Dress,XS,Black,Good,22.26
Oscar de la Renta,Dress,Medium,Navy (Color of the clothing item),Good,58.62
Oscar de la Renta,Dress,0,Black,Good,392.0
Oscar de la Renta,dress,Small,Blue,Good,
Oscar de la Renta,Dress,EUR 36,Red,New,223.0
Oscar de la Renta,Dress,6,Red,New,220.0
Oscar de la Renta,Top,12,White,Fair,23.0
Oscar de la Renta,Dress,Small,Black,Fair,59.99
Oscar de la Renta,Dress,M,Black,Fair,154.92
Oscar de la Renta,Dress,4,Black,Like New,99.0
Oscar de la Renta,dress,12,Pink,,109.0
Oscar de la Renta,Dress,42,Black,Good,
Oscar de la Renta,Dress,36,,New,330.0
Oscar de la Renta,Dress,0,Blue,,143.99
Oscar de la Renta,Dress,L,Black,New,125.0
Oscar de la Renta,Jacket,36,,Good,215.0
Oscar de la Renta,Shirt,Small,Gold,New,120.45
Oscar de la Renta,Watches,42,Black,Poor,166.0
Oscar de la Renta,Tops,Small,,Like New,48.0
Oscar de la Renta,Top/Blouse,42,Blue,Good,210.0
Oscar de la Renta,Dress,S/XS,Jade,Good,199.0
Oscar de la Renta,Dress,Small,Dark Blue,Like New,250.0
Oscar de la Renta,Dress,,Dark Grey,Poor,199.99
Oscar de la Renta,Dress,XS,Red/Brown,Like New,146.0
Oscar de la Renta,Dress,,Black,New,
Oscar de la Renta,Shirt,L,,New,104.0
Oscar de la Renta,dress,S,Black,,285.0
Oscar de la Renta,Dress,UK 14,Yellow,Like New,279.0
Oscar de la Renta,Jacket,XXL,Black,,343.95
Oscar de la Renta,Women's Top,XS,Pink,New,69.0
Oscar de la Renta,Shirt,XXS,,,29.99
Oscar de la Renta,Dress,Small,Green,Good,174.99
Oscar de la Renta,Blouse,S,,,239.0
Oscar de la Renta,Blouse,Medium,blush pink,Like New,29.0
Oscar de la Renta,Dress,40,Blue,Good,258.0
Oscar de la Renta,Blouse,M,Pink (Rose),Poor,32.35
Oscar de la Renta,Dress,Small,Brown,Like New,239.0
Oscar de la Renta,Dress,Medium,Blue,New,110.0
Oscar de la Renta,Trouser,38,,Like New,35.0
Oscar de la Renta,Dress,2,blue,Poor,29.99
Oscar de la Renta,Dress,XS,Black,Like New,59.99
Oscar de la Renta,Dress,14,Navy Blue,Like New,199.99
Oscar de la Renta,Dress,6,ivory,New,236.0
Oscar de la Renta,Women's Dresses,10,Pink,Like New,29.0
Oscar de la Renta,Dress,42,Black,Like New,355.0
Oscar de la Renta,Dress,EU 38,Black,Poor,135.9
Oscar de la Renta,Dress,36,,New,114.0
Oscar de la Renta,Dress,M,Black,Good,25.0
Oscar de la Renta,Dresses,Small,Black,Poor,18.19
Oscar de la Renta,dress,XS,Black,Like New,69.99
Oscar de la Renta,Dress,40,Blue,Good,218.0
Oscar de la Renta,Dress,Regular,Pink,Good,45.0
Oscar de la Renta,dress,2,Beige,Like New,167.0
Oscar de la Renta,Blouse,XS,Black,Good,204.0
Oscar de la Renta,Pants,32,Red,New,69.0
Oscar de la Renta,Dress,8,Jade green,Good,120.0
Oscar de la Renta,Clothing,Medium,,Good,259.99
Oscar de la Renta,Dress,Large,Black,Like New,
Oscar de la Renta,Coats,XS,Dove grey,New,159.0
Oscar de la Renta,Blouse,Small,Vintage White,New,32.98
Oscar de la Renta,Shirt,S,Orange,New,139.9
Oscar de la Renta,Dress,M,Navy,Like New,107.0
Oscar de la Renta,Dress,UK 22,Black,Good,44.95
Oscar de la Renta,Dress,Small,,Good,127.38
Oscar de la Renta,Dress,14,,Good,89.99
Oscar de la Renta,dress,Small,,New,140.0
Oscar de la Renta,OVERSIZED SHIRT,Large,Gray,Good,150.0
Oscar de la Renta,top,Small,Blue,Good,24.95
Oscar de la Renta,Jewelry,M,Silver,New,499.0
Oscar de la Renta,Blouse,XS,,New,
Oscar de la Renta,Dress,XS,Multi Flower Print,Like New,123.0
Oscar de la Renta,Dress,,Blue,,382.0
Oscar de la Renta,Dress,XXS,Black,Good,99.0
Oscar de la Renta,Dress,10,Blue,Like New,285.0
Oscar de la Renta,Coat,,Black,Good,169.99
Oscar de la Renta,Dress,,Black,Like New,149.99
Oscar de la Renta,Jacket,Medium,Navy,,189.0
Oscar de la Renta,Dress,Medium,Yellow,Poor,
Oscar de la Renta,Dress,UK 12,Deep Sea Blue,Like New,169.0
Oscar de la Renta,Dress,4,Bluee,,279.0
Oscar de la Renta,Trousers,37,Blue,,
Oscar de la Renta,Dress,US 2,Blue,Good,180.0
Oscar de la Renta,Shirt,XS,Red,Like New,325.0
Oscar de la Renta,Dress,1,Black,New,33.0
Oscar de la Renta,Shirt,XS,,Like New,149.99
Oscar de la Renta,dress,XXS,Black,Good,140.0
Oscar de la Renta,Dress,4,Blue,Like New,38.98
Oscar de la Renta,Dress,Small,Black,Poor,177.24
Oscar de la Renta,Dress,,Black,,27.5
Oscar de la Renta,Blouse,XS,Black,Good,18.0
Oscar de la Renta,Dress,S,Grey,Like New,12.47
Oscar de la Renta,Dresses,,Pink,Like New,349.0
Oscar de la Renta,Vests,M,Multi,Good,1.38
Oscar de la Renta,Pants,42,Black,Like New,102.0
Oscar de la Renta,dress,1,Blue,Like New,264.99
Oscar de la Renta,Blouse,,White,Like New,34.99
Oscar de la Renta,Dress,8,Black,New,199.99
Oscar de la Renta,blouse,XS,Yellow,,73.09
Oscar de la Renta,Sweater,Small,Black,New,148.0
Oscar de la Renta,Dress,M,Black,,44.9
Oscar de la Renta,Dresses,L,Black,Good,107.9
Oscar de la Renta,Dress,4,Black,Like New,139.99
Oscar de la Renta,Coat,4,Navy Blue/Black,Like New,34.0
Oscar de la Renta,Women's,1,Dark Navy,,
Oscar de la Renta,Dress,Size Large,Dark Pink,New,145.68
Oscar de la Renta,Blouse,L,,Like New,69.99
Oscar de la Renta,Dresses,XXS,Blue,Good,
Oscar de la Renta,Dress,,Pink,Good,220.26
Oscar de la Renta,Dress,UK 16,Black,Like New,119.99
Oscar de la Renta,Skirt,S,Black,Like New,245.0
Oscar de la Renta,Dress,S,Black with white polka dots,Good,198.0
Oscar de la Renta,Dress,Medium,Rust,Poor,22.0
Oscar de la Renta,Dress,4,,Good,180.0
Oscar de la Renta,Dress,36,,Good,246.0
Oscar de la Renta,Dress,XS,black,New,199.99
Oscar de la Renta,Dress,XXS,Fiery Red,Like New,120.0
Oscar de la Renta,Blouse,XS,Multicolor,Like New,
Oscar de la Renta,Dress,Medium,Blue,Poor,205.4
Oscar de la Renta,Dress,42,Black,Like New,23.92
Oscar de la Renta,Dress,Medium,,New,210.0
Oscar de la Renta,Dress,Large,Blue Plaid,Poor,145.9
Oscar de la Renta,Skirt,L,,Like New,176.0
Oscar de la Renta,Dress,10,Blue,New,
Oscar de la Renta,Skirt,42,Midnight Blue,New,159.95
Oscar de la Renta,Skirt,42,Navy,Good,217.16
Oscar de la Renta,Dress,S,Beige,New,125.0
Oscar de la Renta,Dress,Small,White,Good,231.0
Oscar de la Renta,Dress,38,MULBERRY,,119.99
Oscar de la Renta,Dress,Medium,,Like New,99.9
Oscar de la Renta,dress,XS,White,Like New,499.95
Oscar de la Renta,Shirt,M,White with abstract design,New,60.0
Oscar de la Renta,dresses,10,Navy,Fair,12.0
Oscar de la Renta,Dress,Size,beige,Good,169.99
Oscar de la Renta,Dress,6,Black,New,
Oscar de la Renta,Dress,2,Navy,Fair,1.0
Oscar de la Renta,Dress,XS,Magenta,Fair,102.5
Oscar de la Renta,Dresses,Small,Cream,Like New,159.95
Oscar de la Renta,Tops,4,Black,Good,15.0
Oscar de la Renta,Dress,6,Beige,New,48.84
Oscar de la Renta,Women's,8,Black,Good,179.99
Oscar de la Renta,Dress,,Camel,Poor,149.99
Oscar de la Renta,Sweater,S,Multi,Good,14.99
Oscar de la Renta,tops,M,White,New,23.5
Oscar de la Renta,Dress,XS,Pewter,Like New,389.0
Oscar de la Renta,Holiday Dress,1,Black,Like New,750.0
Oscar de la Renta,Dress,XS,Grey,,129.99
Oscar de la Renta,Shirt,S,Navy Blue,Good,225.0
Oscar de la Renta,Dress,38,Blue,Like New,329.0
Oscar de la Renta,Dress,Small,Yellow,Good,469.0
Oscar de la Renta,Dress,6,Teal,Good,180.0
Oscar de la Renta,shirt,S,Navy Blue,Like New,249.0
Oscar de la Renta,Coat,,Red,Good,113.0
Oscar de la Renta,Blouse,Medium,Light Blue/White Stripe,Like New,198.0
Oscar de la Renta,Dress,Medium,Black,Like New,44.0
Oscar de la Renta,Dress,1,Green,Poor,56.99
Oscar de la Renta,Blazers,XS,,Good,20.0
Oscar de la Renta,Blouse,38,White,Good,109.95
Oscar de la Renta,Pants,36,Beige,,97.9
Oscar de la Renta,Woman,L,Black,Good,
Oscar de la Renta,Sweater,XS,Blue,Like New,125.0
Oscar de la Renta,Dress,Small,Lucienne Blue,Good,149.99
Oscar de la Renta,Top,L,Black,Good,
Oscar de la Renta,Dress,2,Beige,New,279.0
Oscar de la Renta,Shirt,10,,Like New,119.0
Oscar de la Renta,Dress,,White,Like New,150.0
Oscar de la Renta,Skirt,4,Black,New,180.0
Oscar de la Renta,Sweater,Small,Navy,Good,219.0
Oscar de la Renta,Dress,US 10,Brown,Poor,130.0
Oscar de la Renta,Shoes,45,Black,New,106.0
Oscar de la Renta,Dress,16,Black,Good,218.0
Oscar de la Renta,Top and jacket,One Size,Multi,Like New,300.0
Oscar de la Renta,Dress,Small,,New,40.47
Oscar de la Renta,Evening Dress,Small,Blue/Navy,Like New,34.0
Oscar de la Renta,Dress,6,White,Good,169.0
Oscar de la Renta,Dress,1,Beige,New,300.0
Oscar de la Renta,Skirt,M,Black,New,209.95
Oscar de la Renta,Trench,4,Black,Like New,339.0
Oscar de la Renta,Dress,XL,Grey,Good,129.95
Oscar de la Renta,Dress,,Black,Good,289.99
Oscar de la Renta,Dress,S,Black,Good,199.0
Oscar de la Renta,Tops,Large,Green,Good,21.99
Oscar de la Renta,Top,Small,Black,Good,52.9
Oscar de la Renta,Dress,UK 12,black,Good,119.99
Oscar de la Renta,Top,S,Multicolour,Good,89.92
Oscar de la Renta,Top,Small,Pink,,24.99
Oscar de la Renta,Dress,2,Black,New,100.0
Oscar de la Renta,Sweater,S,Black,Like New,156.0
Oscar de la Renta,Handbag,Small,Ebony,Good,79.0
Oscar de la Renta,Shirt,X Small,Navy,New,129.0
Oscar de la Renta,Dress,36,Red,Poor,50.0
Oscar de la Renta,Blouse,M,Black,Like New,145.0
Oscar de la Renta,Coat,XS,Blush,Fair,
Oscar de la Renta,Dresses,S,Wine Red,,525.0
Oscar de la Renta,Clothing,12,Black,Good,91.0
Oscar de la Renta,Shirt,XS,Black,Like New,229.0
Oscar de la Renta,Jacket,One Size,Black,Like New,
Oscar de la Renta,Dress,38,Black,Good,110.0
Oscar de la Renta,Woman's,1,White,New,59.0
Oscar de la Renta,Skirt,7,Black,Good,108.0
Oscar de la Renta,Dress,US 4,Blue,Good,37.25
Oscar de la Renta,Dress,Small,Black,Good,190.0
Oscar de la Renta,Shirt,,Black,Good,61.9
Oscar de la Renta,Dress,XS,Black,Good,56.0
Oscar de la Renta,Dress,,,Fair,199.95
Oscar de la Renta,Skirt,US 2,Blue,Like New,108.99
Oscar de la Renta,Blouse,XS,White,New,76.0
Oscar de la Renta,Dress,XS,Black,New,129.0
Oscar de la Renta,Coat,,Black,Good,989.0
Oscar de la Renta,Dress,Small,Blue,Good,195.0
Oscar de la Renta,Skirt,M,,Good,217.0
Oscar de la Renta,Dress,Medium,Navy,Good,154.0
Oscar de la Renta,Skirt,6,Green,New,238.0
Oscar de la Renta,dress,6,pink,Good,79.99
Oscar de la Renta,Dresses,4,Aquamarine,New,
Oscar de la Renta,Dress,US 10,Black,Good,
Oscar de la Renta,Skirt,Small,Black,Good,178.0
Oscar de la Renta,Accessories,M,Black,Good,22.0
Oscar de la Renta,Women's,38,Beige,New,
Oscar de la Renta,Dress,L,Pink,,
Oscar de la Renta,Dress,36,Black,Like New,120.0
Oscar de la Renta,Dress,Large,Yellow,,115.0
Oscar de la Renta,Dress,Small,Pink,Good,7.0
Oscar de la Renta,Skirt,XS,Rose,Like New,690.0
Oscar de la Renta,Dress,UK 10,Black,Poor,
Oscar de la Renta,Dress,XS,Black,Good,32.0
Oscar de la Renta,Dress,Small,Blue,Like New,75.0
Oscar de la Renta,Dress,Large,Blue,Good,110.0
Oscar de la Renta,Dress,XS,Blue,Good,179.99
Oscar de la Renta,Shoes,,white,Like New,134.0
Oscar de la Renta,Dress,XS,MULTI,Fair,299.0
Oscar de la Renta,blouse,XS,Black,Good,30.0
Oscar de la Renta,Dress,Regular,Black,Fair,169.0
Oscar de la Renta,Blazer,10,Burgundy,Like New,495.0
Oscar de la Renta,Dress,UK 8,Yellow,Good,12.94
Oscar de la Renta,Dress,XS,Olive Green,Poor,1490.0
Oscar de la Renta,dress,12,Black,New,189.99
Oscar de la Renta,Wedding Dress,12,White,Fair,19.99
Oscar de la Renta,Women’s dress,,Multi,Poor,150.0
Oscar de la Renta,Top/T-Shirt,Medium,Midnight Blue,Good,111.42
Oscar de la Renta,Womens,42,Beige,Poor,596.1
Oscar de la Renta,Blazer,XS,white,Good,65.0
Oscar de la Renta,Jacket,Small,Black,Good,335.0
Oscar de la Renta,Dress,L,,New,109.5
Oscar de la Renta,Skirt,8,Black,New,279.0
Oscar de la Renta,Trousers,L,Black,New,64.99
Oscar de la Renta,Clothing,36,,Like New,129.0
Oscar de la Renta,dress,S,Black,Good,1.8
Oscar de la Renta,Dress,,Black,Poor,109.99
Oscar de la Renta,Dress,Medium,Black,Like New,120.0
Oscar de la Renta,dress,10,Fuchsia Pink,,159.0
Oscar de la Renta,Clothing,Medium,black,New,171.0
Oscar de la Renta,Skirt,8,Black,New,109.0
Oscar de la Renta,Dress,6,White,Good,41.0
Oscar de la Renta,Dress,2,Pink,New,329.0
Oscar de la Renta,Dress,38,Blue,Good,120.0
Oscar de la Renta,Women's,38,Green,Good,49.99
Oscar de la Renta,Dress,L,Red,Good,130.85
Oscar de la Renta,Tops,40,Black,Good,
Oscar de la Renta,Tops,XS,Black,Good,
Oscar de la Renta,Dress,2,White,Good,23.19
Oscar de la Renta,Shirt,M,Oxblood,,119.95
Oscar de la Renta,Dress,1,Black,Poor,
Oscar de la Renta,Dress,4,Black,Fair,189.99
Oscar de la Renta,Tunic,S,Camel,Like New,250.0
Oscar de la Renta,dress,XS,Blue/Navy,Like New,148.0
Oscar de la Renta,Dress,L,White,Good,449.0
Oscar de la Renta,top,,Red,Like New,49.99
Oscar de la Renta,dress,0,Striped,Poor,31.94
Oscar de la Renta,Womens Clothing,10,Blue,Poor,8.2
Oscar de la Renta,Dress,14,Blue,Like New,179.0
Oscar de la Renta,Shirt,Small,Red,,69.99
Oscar de la Renta,Skirt,Large,Black,Like New,249.83
Oscar de la Renta,Dress,Medium,Black,Like New,25.99
Oscar de la Renta,Dress,XS,White,New,399.95
Oscar de la Renta,Accessory,Small,Multi,Good,5.95
Oscar de la Renta,Dress,Small,Green,Fair,29.98
Oscar de la Renta,Dresses,38,Pink,Good,55.0
Oscar de la Renta,Dress,Size 6,,Like New,400.0
Oscar de la Renta,Dress,Small,Black,New,228.0
Oscar de la Renta,Shirt,,Blue,Like New,119.0
Oscar de la Renta,Pants,40R,Midnight blue,Good,109.9
Oscar de la Renta,Jacket,Small,Black,New,4.1
Oscar de la Renta,Dress,M,Navy,,145.0
Oscar de la Renta,jacket,XS,black,Like New,295.0
Oscar de la Renta,Dress,M,Black,Good,116.0
Oscar de la Renta,Wearable Art,,Black,Good,228.0
Oscar de la Renta,Dress,,Blue,Fair,20.99
Oscar de la Renta,dress,8,Yellow,Good,130.0
Oscar de la Renta,Jumpsuit,,White,Like New,290.0
Oscar de la Renta,Dress,2X,Purple,,225.96
Oscar de la Renta,Blouse,,Pink,New,117.9
Oscar de la Renta,Jacket,XS,Navy,Like New,2.14
Oscar de la Renta,Women's Shirts,XS,Coral Blue,Like New,55.0
Oscar de la Renta,Dresses,8,black,Good,120.0
Oscar de la Renta,Gown,36,Black,Poor,273.28
Oscar de la Renta,Women's,Medium,,Good,32.4
Oscar de la Renta,Dress,,,Good,7.95
Oscar de la Renta,Dress,,White/Ivory,Good,309.0
Oscar de la Renta,Blouse,38,White,New,
Oscar de la Renta,skirt,L,Black,New,149.0
Oscar de la Renta,Dress,XS,Blue,Like New,
Oscar de la Renta,T-shirt,XS,Navy,Good,39.4
Oscar de la Renta,Dress,One Size,Black,Like New,56.79
Oscar de la Renta,Dress,36,black,Like New,295.0
Oscar de la Renta,Tops,XS,Black,Good,199.0
Oscar de la Renta,Dresses,,Pink,Like New,109.99
Oscar de la Renta,Skirt,38,black,Like New,120.0
Oscar de la Renta,Women's Shoes,8,Off White,New,135.9
Oscar de la Renta,dress,12,Blue,Good,189.0
Oscar de la Renta,Dress,2,Black,New,65.9
Oscar de la Renta,Dress,0,green,Good,599.0
Oscar de la Renta,Dress,6,Black,Good,180.0
Oscar de la Renta,Dress,4S,Blue,New,
Oscar de la Renta,Women,S,Dark Purple,New,443.0
Oscar de la Renta,Dress,3,Green,Good,
Oscar de la Renta,Dress,XS,Black,Good,238.0
Oscar de la Renta,Dress,XS,Black,New,199.0
Oscar de la Renta,Dress,4,Black,New,245.0
Oscar de la Renta,Dress,14,Red,New,246.0
Oscar de la Renta,Shirt,,White,Like New,158.0
Oscar de la Renta,Dress,8,Black,Good,330.0
Oscar de la Renta,Shirt,Small,Rose,Good,27.4
Oscar de la Renta,Skirt,34,Multi,Like New,
Oscar de la Renta,Dresses,Small,Black,Good,97.0
Oscar de la Renta,Dress,36,Light Blue/Light Blue,Fair,245.0
Oscar de la Renta,Dress,6,Multicolor,New,1915.0
Oscar de la Renta,Jacket,10,Black,New,259.0
Oscar de la Renta,Dress,,Sand,Good,135.0
Oscar de la Renta,Dress,Large,Red,Good,29.0
Oscar de la Renta,Jacket,,Green,New,379.0
Oscar de la Renta,Jacket,XS,Beige,Like New,160.0
Oscar de la Renta,dresses,US 8,Pink,,192.0
Oscar de la Renta,Dress,REGULAR,PINK,New,198.0
Oscar de la Renta,Women's Skirt,10,Neutral,New,598.99
Oscar de la Renta,Dress,6,Black,Fair,100.0
Oscar de la Renta,Dress,,Navy blue,Like New,173.0
Oscar de la Renta,Dress,Medium,Taupe,Good,112.0
Oscar de la Renta,Dress,14,Multi-Color,Like New,125.0
Oscar de la Renta,Dress,L,Black,Like New,203.0
Oscar de la Renta,Dress,S,Red,Good,358.0
Oscar de la Renta,Coat,,Grey,Good,69.99
Oscar de la Renta,skirt,Small,,Good,104.9
Oscar de la Renta,Kaftan,Large,Black/White,New,898.0
Oscar de la Renta,Top/Sweater,L,Yellow,Like New,45.0
Oscar de la Renta,Dress,Small,Black,Like New,255.0
Oscar de la Renta,Dress,4,Black,Good,169.99
Oscar de la Renta,Clothing,Small,Black,Good,99.99
Oscar de la Renta,Gown,32,White,,439.99
Oscar de la Renta,Dress,U.S. 2,,New,280.0
Oscar de la Renta,Sweater,Small,Grey,Like New,59.99
Oscar de la Renta,Blazer,,Blue,New,
Oscar de la Renta,Jacket,XS,,Good,155.0
Oscar de la Renta,Bodysuit,XS,Black,Like New,62.0
Oscar de la Renta,Dress,M,Black,New,
Oscar de la Renta,Dress,XS,Black,New,166.0
Oscar de la Renta,Dress,S,Black,Good,109.9
Oscar de la Renta,Dress,XS,Green,Like New,135.0
Oscar de la Renta,Dress,Size 10,Black,Good,120.0
Oscar de la Renta,Shirt,XL,,Like New,131.84
Oscar de la Renta,Dress,40,Black,New,
Oscar de la Renta,Coat,,Black,Good,299.95
Oscar de la Renta,Shoe,,Black,,249.0
Oscar de la Renta,Blouse,XS,Green,Good,129.0
Oscar de la Renta,Shorts,Small,White,,239.0
Oscar de la Renta,Dress,XS,Blue,Good,79.99
Oscar de la Renta,Skirt,2,Wine,Good,289.99
Oscar de la Renta,Dress,6,Orange,,150.0
Oscar de la Renta,Dress,S,Blue,New,139.0
Oscar de la Renta,Jacket,40,Green,Like New,133.73
Oscar de la Renta,dress,36,Blue,Good,
Oscar de la Renta,Dress,,Black,New,230.0
Oscar de la Renta,Dress,4,Red,Good,79.0
Oscar de la Renta,Dress,2,Blue,New,
Oscar de la Renta,Dress,XS,Blue,Good,183.0
Oscar de la Renta,Dress,M,Black,Poor,69.99
Oscar de la Renta,Blouse,38,Grey,Like New,119.0
Oscar de la Renta,Women’s clothing & accessories,34,,Good,180.0
Oscar de la Renta,Dress,4,White,Good,210.0
Oscar de la Renta,Trousers,36,Blue Jeans,New,89.99
Oscar de la Renta,Shirt,Medium,,Like New,99.0
Oscar de la Renta,dress,L,Black,Good,120.0
Oscar de la Renta,dresses,US 2,Pink flowers,Good,109.0
Oscar de la Renta,Tops,XS,,Good,44.0
Oscar de la Renta,Dress,M,Black,Good,339.99
Oscar de la Renta,Dress,10,Green,Good,114.99
Oscar de la Renta,Dress,10,Black,Good,199.0
Oscar de la Renta,Skirt,Size 4,,Good,82.9
Oscar de la Renta,hat,M,magenta,New,
Oscar de la Renta,Blouse,XL,Green,Fair,49.94
Oscar de la Renta,Blazer,36,Blue,,19.99
Oscar de la Renta,Dress,8,White,New,59.25
Oscar de la Renta,Dress,10,black,Good,12.0
Oscar de la Renta,Shoes,,Black,New,225.0
Oscar de la Renta,Dress,XS,Dark green,Good,179.95
Oscar de la Renta,Dress,10,Beige,Fair,159.0
Oscar de la Renta,Shirt,Small,Blue,Like New,205.0
Oscar de la Renta,dress,40,white,Like New,179.0
Oscar de la Renta,Dresses,XS,Black,New,158.0
Oscar de la Renta,dress,32,Dusty Rose,Like New,124.6
Oscar de la Renta,Dress,1X,Blue,Good,313.72
Oscar de la Renta,Shirt,Small,Black,Like New,104.9
Oscar de la Renta,Blouse,XS,Pink Blossom,Like New,148.0
Oscar de la Renta,Blouse,XS,Turquoise,Good,89.0
Oscar de la Renta,Dresses,UK 10,Black,New,548.0
Oscar de la Renta,Tops and sweaters,Small,Grey,Poor,
Oscar de la Renta,Blazer,Large,Pink,Fair,219.99
Oscar de la Renta,Dress,,Pink,,62.02
Oscar de la Renta,Blouse,XS,Black,Good,59.99
Oscar de la Renta,Dress,XL,White,Good,
Oscar de la Renta,Dress,Small,Black,Good,99.0
Oscar de la Renta,Coat,,Black,Good,
Oscar de la Renta,Clothing,XL,,,165.0
Oscar de la Renta,Blouse,S,Honey,Like New,109.0
Oscar de la Renta,Dress,XS,Black,Poor,222.95
Oscar de la Renta,Dress,S,Blue,Poor,142.0
Oscar de la Renta,Handbag,Medium,Black,Good,324.0
Oscar de la Renta,Winter,10,Black,Good,105.0
Oscar de la Renta,Skirt,Regular,Black,New,125.0
Oscar de la Renta,Shirt,XS,Pink,Poor,67.61
Oscar de la Renta,Shirt,Large,Lavender,,26.99
Oscar de la Renta,Dress,38,blue,Fair,126.5
Oscar de la Renta,Dress,8,Black,Good,
Oscar de la Renta,Skirt,,,Good,59.99
Oscar de la Renta,Dress,4,White,New,129.5
Oscar de la Renta,Dress,8,Black-Grape,Like New,136.0
Oscar de la Renta,Dress,8,black,Like New,274.99
Oscar de la Renta,Skirt,,Navy Blue,Poor,61.34
Oscar de la Renta,Dress,Small,Black and white,Good,1150.0
Oscar de la Renta,dress,32,Pink,New,89.99
Oscar de la Renta,Outerwear,XS,,Good,
Oscar de la Renta,Dress,2,Black,Good,121.0
Oscar de la Renta,Dress,,Blue,New,179.0
Oscar de la Renta,shirt,Large,,Like New,40.0
Oscar de la Renta,Dress,,Multi-colored,,160.0
Oscar de la Renta,Shirt,M,White,New,189.0
Oscar de la Renta,Blouse,M,Black,Good,195.0
Oscar de la Renta,Shirt,L,Beige,Good,135.0
Oscar de la Renta,Pants,XXL,White,New,24.99
Oscar de la Renta,Shirt,XS,Mint Green,Like New,135.0
Oscar de la Renta,Blazers,XS,Black,,125.0
Oscar de la Renta,Dress,8,Black,Like New,279.0
Oscar de la Renta,Shirt,Small,Brown,Good,169.0
Oscar de la Renta,Dress,36,Black,New,191.92
Oscar de la Renta,Skirt,8,Beige,Like New,44.99
Oscar de la Renta,Dress,36,Blue,Good,19.0
Oscar de la Renta,Dresses,10,red,Like New,129.0
Oscar de la Renta,Dress,XS,Black,New,173.98
Oscar de la Renta,Dress,,Pure white,Good,421.0
Oscar de la Renta,Blouse,L,,,119.9
Oscar de la Renta,Women's clothing,32,Blue,New,393.0
Oscar de la Renta,Handbag,S,Black,Good,31.0
Oscar de la Renta,blouse,M,Sage,Good,108.1
Oscar de la Renta,Dress,Small,Gray,Like New,249.0
Oscar de la Renta,Skirt,Small,Black,Good,24.99
Oscar de la Renta,Dress,L,,New,
Oscar de la Renta,Dress,Small,Blue,Like New,148.0
Oscar de la Renta,Dress,S,Black,,219.99
Oscar de la Renta,Dress,XS,Dark Blue,Good,
Oscar de la Renta,Skirt,6,Mint coral,Good,149.0
Oscar de la Renta,Dress,Small,Black,Good,108.0
Oscar de la Renta,Blazer,XS,Grey,New,160.0
Oscar de la Renta,Skirt,Medium,White,Good,225.0
Oscar de la Renta,Dress,36,beige,Good,14.0
Oscar de la Renta,Skirt,4,Black,,58.0
Oscar de la Renta,Blazer,38,Blue,Like New,111.95
Oscar de la Renta,Tops,Small,Yellow,Like New,165.0
Oscar de la Renta,Dress,2,Black,Good,289.0
Oscar de la Renta,Tops,Small,Black,Good,37.62
Oscar de la Renta,Women's,Small,Black,Good,10.0
Oscar de la Renta,Sweater,Small,White,Like New,
Oscar de la Renta,Handbag,32,Black,,208.0
Oscar de la Renta,Pants,,blue,Poor,240.0
Oscar de la Renta,Shirt,,,Good,170.0
Oscar de la Renta,Dress,XS,,Fair,12.99
Oscar de la Renta,Tops,12,Navy,New,34.0
Oscar de la Renta,Gown,40,Black,,109.0
Oscar de la Renta,Dress,L,Black,New,431.0
Oscar de la Renta,Dress,,Tan,Poor,75.9
Oscar de la Renta,Handbag,38,Black,Like New,8.0
Oscar de la Renta,Dress,L,,Good,115.0
Oscar de la Renta,Dress,,Black,New,13.98
Oscar de la Renta,Dress,Large,Red,Good,26.61
Oscar de la Renta,Dress,24,Black,,189.0
Oscar de la Renta,Dresses,10,,Like New,724.5
Oscar de la Renta,Dress,4,Black,Good,149.0
Oscar de la Renta,Dress,8,Black,,
Oscar de la Renta,Skirts,34,Black,Good,120.0
Oscar de la Renta,Dress,,Deep Garnet,Like New,249.5
Oscar de la Renta,Blouse,Small,Navy Blue,Good,110.0
Oscar de la Renta,Shirt,Small,Black,Good,159.0
Oscar de la Renta,Knit top,4,Cream,Like New,128.0
Oscar de la Renta,Dress,Large,,,499.0
Oscar de la Renta,Dress,2,Navy,Like New,59.99
Oscar de la Renta,Dress,XS,Sapphire Blue,New,300.0
Oscar de la Renta,Dress,38,Beige,Good,259.0
Oscar de la Renta,Gown,4,Black,Fair,599.99
Oscar de la Renta,Dress,10,Grey,Good,
Oscar de la Renta,Dress,38,Red,Poor,9.99
Oscar de la Renta,Shorts,XXL,Black,,179.99
Oscar de la Renta,Blouse,XS,Pink,Like New,108.0
Oscar de la Renta,Outerwear & Coats,S,Red,Like New,320.0
Oscar de la Renta,Dress,XS,Pink,,119.0
Women's Midi Dress,Dress,Medium,Black,Good,111.95
Oscar de la Renta,Dress,Large,Black,Fair,149.0
Oscar de la Renta,Dress,,Noir,Good,22.0
Oscar de la Renta,Shirt,Small,White,Fair,159.0
Oscar de la Renta,Coat,42,black,Good,239.99
Oscar de la Renta,Dress,12,Red,Like New,
Oscar de la Renta,Dress,M,White,Good,155.0
Oscar de la Renta,Dress,36,Dark Pink,Good,44.0
Oscar de la Renta,Trousers,,Black,Good,114.0
Oscar de la Renta,Dress,S,,New,136.0
Oscar de la Renta,Dress,5,Grey,New,240.0
Oscar de la Renta,Skirt,Small,Black,Like New,60.0
Oscar de la Renta,Dress,Medium,Green,Good,139.0
Oscar de la Renta,Dress,1,,Good,155.0
Oscar de la Renta,Shirt,XS,,Good,58.9
Oscar de la Renta,Dress,XS,Black,Like New,240.0
Oscar de la Renta,Blouse,,white,Good,48.99
Oscar de la Renta,Blouse,Medium,Black,New,161.0
Oscar de la Renta,Outerwear,Small,,,132.5
Oscar de la Renta,Shirt,Small,Black,Like New,129.0
Oscar de la Renta,Blouse,Small,Multi-colored,New,190.0
Oscar de la Renta,Skirt,2,Navy Blue,Like New,160.0
Oscar de la Renta,Dress,,BLUE,,129.0
Oscar de la Renta,Dress,Small,Creamy,,185.0
Oscar de la Renta,Dress,1,Blue,Like New,26.99
Oscar de la Renta,Dress,EU 40,Black,Good,
Oscar de la Renta,Blouse,Small,Off-white,Good,29.99
Oscar de la Renta,Shirts,Small,Multicolor,Like New,199.99
Oscar de la Renta,top,XS,Blue,Like New,219.99
Oscar de la Renta,T-shirt,L,White,Good,
Oscar de la Renta,Sweaters,Medium,Green,Good,149.0
Oscar de la Renta,Blouse,Small,White,Like New,
Oscar de la Renta,Dress,XS,Gray,,199.0
Oscar de la Renta,Dress,,Black,New,570.0
Oscar de la Renta,Pret a Porter,XS,Cobalt Blue,New,45.0
Oscar de la Renta,Dress,10,Black,New,
Oscar de la Renta,Skirt,UK size 6,Red,Good,149.99
Oscar de la Renta,Skirt,40,Grey,,110.0
Oscar de la Renta,Dress,2,white,Good,65.0
Oscar de la Renta,Women's clothing,REGULAR,White,Good,120.0
Oscar de la Renta,Dress,,Black,Good,79.8
Oscar de la Renta,Dress,XS,Pink,Like New,448.0
Oscar de la Renta,Shirt,S,Black,New,369.95
Oscar de la Renta,Dress,Large,Beige,,224.99
Oscar de la Renta,Dress,,Navy Blue,Good,225.0
Oscar de la Renta,Blouse,M,Black,New,267.0
Oscar de la Renta,Dress,[42],,Like New,81.0
Oscar de la Renta,Dress,Small,,Good,319.0
Oscar de la Renta,top,XS,Blue,Like New,149.0
Oscar de la Renta,Dress,,Blue,Like New,119.99
Oscar de la Renta,Shirt,XS,Red,Like New,140.0
Oscar de la Renta,Dress,8,Black,Good,250.0
Oscar de la Renta,Blouse,,Blue,Like New,99.99
Oscar de la Renta,Dress,10,Multi,Like New,212.9
Oscar de la Renta,Dress,38,Wine Red,Good,2.9
Oscar de la Renta,skirt,32,Black,Good,109.0
Oscar de la Renta,Dress,Small,Pink,Good,148.0
Oscar de la Renta,Blouse,Medium,,Good,99.0
Oscar de la Renta,Casual,US 6,,Like New,548.0
Oscar de la Renta,Dress,Medium,Blue,Good,300.0
Oscar de la Renta,Dress,XS,Black,Poor,370.0
Oscar de la Renta,Sweaters,XS,Black,Like New,
Oscar de la Renta,dress,S,Beige,Like New,
Oscar de la Renta,skirt,2,black,Like New,15.0
Oscar de la Renta,Tops,XS,White,New,65.4
Oscar de la Renta,Dress,,Black,Good,250.9
Oscar de la Renta,Dress,6,Black,Like New,298.0
Oscar de la Renta,Dress,1,Taupe,New,0.77
Oscar de la Renta,Shirt,L,,New,
Oscar de la Renta,Dress,XS,Black,New,346.0
Oscar de la Renta,Women's Shoes,9.5,Multi,Like New,245.0
Oscar de la Renta,Dress,4,Watered Silk,Good,7.0
Oscar de la Renta,Dress,M,Black,Good,545.0
Oscar de la Renta,dress,,,Like New,228.0
Oscar de la Renta,Shirt,L,White,Like New,99.99
Oscar de la Renta,Jacket,,Black,Good,19.95
Oscar de la Renta,Dress,5,Rosa,,11.0
Oscar de la Renta,dress,XXL,white,Like New,236.51
Oscar de la Renta,Sweater,S,Pink,Good,11.0
Oscar de la Renta,dresses,Large,,Fair,77.95
Oscar de la Renta,Dress,M,Pink,New,125.0
Oscar de la Renta,Jacket,XS,Black,Good,
Oscar de la Renta,Dress,2,Black,Poor,32.8
Oscar de la Renta,Tops and Sweaters,Small,Blue,,66.95
Oscar de la Renta,Dress,8,Multicolor,Like New,
Oscar de la Renta,Blouse,S,Fuchsia,Good,145.0
Oscar de la Renta,Women's Dress,10,Black,,
Oscar de la Renta,Dress,,Purple,Like New,121.95
Oscar de la Renta,Dress,,,Good,45.0
Oscar de la Renta,Blouse,XS,black,Good,199.0
Oscar de la Renta,Dress,S,Black,Good,
Oscar de la Renta,Dress,One Size,Multi,Good,50.0
Oscar de la Renta,Dress,36,Blue,,34.52
Oscar de la Renta,Women's Clothing,Small,Black,,149.95
Oscar de la Renta,Dress,XS,Brown,,
Oscar de la Renta,Children's Clothing,7-8,Pink,Good,199.98
Oscar de la Renta,Blouse,S,Black,Like New,209.0
Oscar de la Renta,Skirt,10,"[100, 151, 156]",New,69.99
Oscar de la Renta,Dress,XS,Magenta,Good,275.0
Oscar de la Renta,Dress,8,Black,Like New,199.0
Oscar de la Renta,sweater,Small,Maroon,Good,99.99
Oscar de la Renta,DRESS,XS,Green,New,59.3
Oscar de la Renta,Casual,M,Black,Like New,45.0
Oscar de la Renta,Women's Dresses,Medium,Beige,Good,85.0
Oscar de la Renta,men,XXS,Black,Fair,102.13
Oscar de la Renta,Women's,M,Blue,New,16.0
Oscar de la Renta,Sweater,XS,Black,Fair,34.99
Oscar de la Renta,Dress,US 6,Black,New,495.0
Oscar de la Renta,Women's,36,Red,Good,136.0
Oscar de la Renta,Dress,M,pink,Like New,
Oscar de la Renta,Sweater,XS,DARK BLUE,Good,189.0
Oscar de la Renta,Dress,Medium,Pink,Good,79.99
Oscar de la Renta,Women's Coats,L,Black,Like New,64.0
Oscar de la Renta,Dress,Small,Blue,Good,192.75
Oscar de la Renta,Dress,S,white,Like New,104.93
Oscar de la Renta,Dress,36,White,Good,
Oscar de la Renta,Coat,38,Blue,Good,99.9
Oscar de la Renta,Dress,1,blue,New,192.9
Oscar de la Renta,Dress,4,White,New,395.0
Oscar de la Renta,Dress,6,,Like New,420.0
Oscar de la Renta,Handbag,Medium,Brown,Good,180.19
Oscar de la Renta,Shirt,M,Pink,,
Oscar de la Renta,Dress,8,White,Good,108.0
Oscar de la Renta,Dress,10,Black,Good,26.99
Oscar de la Renta,Dress,Small,Pink,New,599.0
Oscar de la Renta,Top,L,,Like New,1